coins,discount,configured_minimum,effective_minimum_at_10_percent,required_spend,effective_cost_percent
30,5,149,149,300,1.6667
75,15,249,249,750,2.0000
150,35,399,399,1500,2.3333
300,75,699,7.5E+2,3000,2.5000

customers,monthly_frequency,monthly_orders,monthly_product_gmv,annual_product_gmv,monthly_coins,maximum_monthly_face_liability,liability_25,liability_50,liability_80,liability_100,cost_percent_at_100_percent,incremental_contribution_required_at_100_percent
1000,1,1000,150000,1800000,15000,3750.00,937.50,1875.00,3000.00,3750.00,2.500,3750.00
1000,1.5,1500.0,225000.0,2700000.0,22500.0,5625.000,1406.250,2812.500,4500.000,5625.000,2.500,5625.000
1000,2,2000,300000,3600000,30000,7500.00,1875.00,3750.00,6000.00,7500.00,2.500,7500.00
1000,2.5,2500.0,375000.0,4500000.0,37500.0,9375.000,2343.750,4687.500,7500.000,9375.000,2.500,9375.000
1000,3,3000,450000,5400000,45000,11250.00,2812.50,5625.00,9000.00,11250.00,2.500,11250.00
10000,1,10000,1500000,18000000,150000,37500.00,9375.00,18750.00,30000.00,37500.00,2.500,37500.00
10000,1.5,15000.0,2250000.0,27000000.0,225000.0,56250.000,14062.500,28125.000,45000.000,56250.000,2.500,56250.000
10000,2,20000,3000000,36000000,300000,75000.00,18750.00,37500.00,60000.00,75000.00,2.500,75000.00
10000,2.5,25000.0,3750000.0,45000000.0,375000.0,93750.000,23437.500,46875.000,75000.000,93750.000,2.500,93750.000
10000,3,30000,4500000,54000000,450000,112500.00,28125.00,56250.00,90000.00,112500.00,2.500,112500.00
50000,1,50000,7500000,90000000,750000,187500.00,46875.00,93750.00,150000.00,187500.00,2.500,187500.00
50000,1.5,75000.0,11250000.0,135000000.0,1125000.0,281250.000,70312.500,140625.000,225000.000,281250.000,2.500,281250.000
50000,2,100000,15000000,180000000,1500000,375000.00,93750.00,187500.00,300000.00,375000.00,2.500,375000.00
50000,2.5,125000.0,18750000.0,225000000.0,1875000.0,468750.000,117187.500,234375.000,375000.000,468750.000,2.500,468750.000
50000,3,150000,22500000,270000000,2250000,562500.00,140625.00,281250.00,450000.00,562500.00,2.500,562500.00
100000,1,100000,15000000,180000000,1500000,375000.00,93750.00,187500.00,300000.00,375000.00,2.500,375000.00
100000,1.5,150000.0,22500000.0,270000000.0,2250000.0,562500.000,140625.000,281250.000,450000.000,562500.000,2.500,562500.000
100000,2,200000,30000000,360000000,3000000,750000.00,187500.00,375000.00,600000.00,750000.00,2.500,750000.00
100000,2.5,250000.0,37500000.0,450000000.0,3750000.0,937500.000,234375.000,468750.000,750000.000,937500.000,2.500,937500.000
100000,3,300000,45000000,540000000,4500000,1125000.00,281250.00,562500.00,900000.00,1125000.00,2.500,1125000.00
